{"cameraMode":{"drawMode":0,"name":"Shaded","section":"Shading Mode"},"sceneLighting":true,"audioPlay":false,"sceneViewState":{"showFog":true,"showMaterialUpdate":false,"showSkybox":true,"showFlares":true,"showImageEffects":true,"showParticleSystems":true},"in2DMode":false,"pivot":{"x":-146.84185791015626,"y":-320.273681640625,"z":-922.6669921875},"rotation":{"x":0.03201423957943916,"y":-0.965973973274231,"z":0.21074877679347993,"w":0.14656969904899598},"size":1103.19873046875,"orthographic":false}